-- Insertar categorías
INSERT INTO CATEGORY (name, description)
VALUES ('Electronics', 'Electronic gadgets and devices'),
       ('Home Appliances', 'Appliances for home use'),
       ('Clothing', 'Apparel and accessories'),
       ('Sports', 'Sports equipment and accessories'),
       ('Accessories', 'Various accessories for everyday use'),
       ('Toys & Games', 'Fun toys and games for children'),
       ('Footwear', 'Footwear for men and women'),
       ('Musical Instr.', 'Musical instruments and accessories'),
       ('Home & Kitchen', 'Products for home and kitchen use'),
       ('Stationery', 'Office supplies and stationery');

-- Insertar descuentos
INSERT INTO DISCOUNT (name, description, percentage)
VALUES ('Electronics Discount', '15% off on all electronics', 15.00),
       ('Home & Kitchen Discount', '25% off on all home & kitchen products', 25.00),
       ('Special Discount', '30% off on special products ending with 5', 30.00);

-- Insertar productos
INSERT INTO PRODUCT (sku, price, description)
VALUES ('SKU0001', 19.99, 'Wireless Mouse with ergonomic design'),
       ('SKU0002', 499.00, '4K Ultra HD Smart TV, 55 inches'),
       ('SKU0003', 29.50, 'Stainless Steel Water Bottle, 1L'),
       ('SKU0004', 15.00, 'Cotton T-Shirt, Unisex, Size M'),
       ('SKU0005', 120.00, 'Noise-Cancelling Over-Ear Headphones'),
       ('SKU0006', 9.99, 'USB-C to USB Adapter'),
       ('SKU0007', 75.00, 'Leather Wallet with RFID Protection'),
       ('SKU0008', 35.00, 'Yoga Mat with Non-Slip Surface'),
       ('SKU0009', 220.00, 'Smartwatch with Heart Rate Monitor'),
       ('SKU0010', 12.50, 'Ceramic Coffee Mug, 350ml'),
       ('SKU0011', 60.00, 'Bluetooth Portable Speaker'),
       ('SKU0012', 85.00, 'Backpack with Laptop Compartment'),
       ('SKU0013', 18.00, 'Stainless Steel Cutlery Set, 24 Pieces'),
       ('SKU0014', 250.00, 'Electric Guitar Starter Pack'),
       ('SKU0015', 42.00, 'Running Shoes, Men''s Size 42'),
       ('SKU0016', 27.99, 'Digital Bathroom Scale with Body Fat Analyzer'),
       ('SKU0017', 14.99, 'Set of 6 Organic Cotton Socks'),
       ('SKU0018', 300.00, 'DSLR Camera with 18-55mm Lens'),
       ('SKU0019', 8.99, 'Hardcover Notebook, A5, 200 Pages'),
       ('SKU0020', 65.00, 'Microwave Oven, 20L Capacity'),
       ('SKU0021', 23.50, 'LED Desk Lamp with Adjustable Brightness'),
       ('SKU0022', 19.00, 'Wireless Charger Pad for Smartphones'),
       ('SKU0023', 55.00, 'Men''s Quartz Analog Watch with Leather Strap'),
       ('SKU0024', 30.00, 'Wooden Chess Set with Folding Board'),
       ('SKU0025', 99.00, 'Home Security Camera with Night Vision'),
       ('SKU0026', 16.50, 'Aromatherapy Essential Oil Diffuser'),
       ('SKU0027', 40.00, 'Professional Blender with 2L Jar'),
       ('SKU0028', 22.00, 'Kids'' Educational Tablet Toy'),
       ('SKU0029', 110.00, 'Mechanical Gaming Keyboard with RGB Lighting'),
       ('SKU0030', 7.50, 'Pack of 10 Ballpoint Pens, Blue Ink');

-- Poblar la tabla PRODUCT_CATEGORY
INSERT INTO PRODUCT_CATEGORY (product_sku, category_id)
VALUES ('SKU0001', (SELECT id FROM CATEGORY WHERE name = 'Electronics')),
       ('SKU0002', (SELECT id FROM CATEGORY WHERE name = 'Electronics')),
       ('SKU0003', (SELECT id FROM CATEGORY WHERE name = 'Home & Kitchen')),
       ('SKU0004', (SELECT id FROM CATEGORY WHERE name = 'Clothing')),
       ('SKU0005', (SELECT id FROM CATEGORY WHERE name = 'Electronics')),
       ('SKU0006', (SELECT id FROM CATEGORY WHERE name = 'Electronics')),
       ('SKU0007', (SELECT id FROM CATEGORY WHERE name = 'Accessories')),
       ('SKU0008', (SELECT id FROM CATEGORY WHERE name = 'Sports')),
       ('SKU0009', (SELECT id FROM CATEGORY WHERE name = 'Electronics')),
       ('SKU0010', (SELECT id FROM CATEGORY WHERE name = 'Home & Kitchen')),
       ('SKU0011', (SELECT id FROM CATEGORY WHERE name = 'Electronics')),
       ('SKU0012', (SELECT id FROM CATEGORY WHERE name = 'Accessories')),
       ('SKU0013', (SELECT id FROM CATEGORY WHERE name = 'Home & Kitchen')),
       ('SKU0014', (SELECT id FROM CATEGORY WHERE name = 'Musical Instr.')),
       ('SKU0015', (SELECT id FROM CATEGORY WHERE name = 'Footwear')),
       ('SKU0016', (SELECT id FROM CATEGORY WHERE name = 'Home Appliances')),
       ('SKU0017', (SELECT id FROM CATEGORY WHERE name = 'Clothing')),
       ('SKU0018', (SELECT id FROM CATEGORY WHERE name = 'Electronics')),
       ('SKU0019', (SELECT id FROM CATEGORY WHERE name = 'Stationery')),
       ('SKU0020', (SELECT id FROM CATEGORY WHERE name = 'Home Appliances')),
       ('SKU0021', (SELECT id FROM CATEGORY WHERE name = 'Home & Kitchen')),
       ('SKU0022', (SELECT id FROM CATEGORY WHERE name = 'Electronics')),
       ('SKU0023', (SELECT id FROM CATEGORY WHERE name = 'Accessories')),
       ('SKU0024', (SELECT id FROM CATEGORY WHERE name = 'Toys & Games')),
       ('SKU0025', (SELECT id FROM CATEGORY WHERE name = 'Electronics')),
       ('SKU0026', (SELECT id FROM CATEGORY WHERE name = 'Home & Kitchen')),
       ('SKU0027', (SELECT id FROM CATEGORY WHERE name = 'Home Appliances')),
       ('SKU0028', (SELECT id FROM CATEGORY WHERE name = 'Toys & Games')),
       ('SKU0029', (SELECT id FROM CATEGORY WHERE name = 'Electronics')),
       ('SKU0030', (SELECT id FROM CATEGORY WHERE name = 'Stationery'));
